G116.9+00.2	Garlic Nebula
G116.9+00.2	Abell 85
Sh2-132	Lion Nebula
Sh2-129	Flying Bat Nebula
Sh2-308	Dolphin Head Nebula
Sh2-240	Spaghetti Nebula
Sh2-240	Simeis 147
Sh2-264	Lambda Orionis Ring
Sh2-276	Barnard's Loop
Sh2-101	Tulip Nebula
Sh2-119	Clamshell Nebula
Sh2-155	Cave Nebula
Sh2-157	Lobster Claw Nebula
Sh2-142	Wizard Nebula
Sh2-296	Seagull Nebula
IC 4592	Blue Horsehead Nebula
B 142	Barnard's E
LDN 1235	Shark Nebula
B 150	Seahorse Nebula
NGC 3576	Statue of Liberty Nebula
IC 2118	Witch Head Nebula
IC 443	Jellyfish Nebula
G074.0-08.5	Veil Nebula
NGC 5866	M 102
IC 1318	Sadr Region
IC 1396	Elephant's Trunk Nebula
NGC 281	Pacman Nebula
IC 1805	Heart Nebula
IC 1848	Soul Nebula
IC 5070	Pelican Nebula
NGC 2174	Monkey Head Nebula
Arp 317	Leo Triplet
NGC 253	Sculptor Galaxy
Sh2-261	Lower's Nebula
G089.0+04.7	HB 21
