ACO 1367	Leo Cluster	Abell 1367 is the Leo Cluster in common use; SIMBAD's "Leo Cluster" is another object
C 9	Cave Nebula	Caldwell 9 (Sh2-155) is the Cave Nebula; SIMBAD gives the name to vdB 152
G260.4-03.4	Puppis A	the Puppis A supernova remnant; RCW 31 is a knot inside it
IC 4703	Star Queen	IC 4703 is the nebula of M 16, the Star Queen Nebula
M 22	Sagittarius Cluster	the globular cluster's common name; SIMBAD's entry is a galaxy cluster
NGC 1432	Maia Nebula	NGC 1432 is the Maia Nebula; LBN 770 is the Pleiades nebulosity around it
NGC 1948	LH53s	OpenNGC's name; NGC 1948 lies in the LH 53 association
NGC 2174	Monkey Head Nebula	NGC 2174 is the Monkey Head Nebula, inside Sh2-252
NGC 2237	NGC 2244 Satellite Cluster	OpenNGC's name for the cluster in the Rosette's west part
NGC 2237	Rosette A	OpenNGC's name for part of the Rosette Nebula
NGC 2238	Rosette Nebula	NGC 2238 is the Rosette Nebula entry; SIMBAD centres the name on the ring
NGC 2246	Rosette B	OpenNGC's name for part of the Rosette Nebula
NGC 253	Sculptor Galaxy	NGC 253 is the Sculptor Galaxy; SIMBAD's ident points at the Sculptor Dwarf
NGC 3372	Car Nebula	the Carina Nebula; Cr 233 is a cluster inside it
NGC 3372	Carina Nebula	the Carina Nebula; Cr 233 is a cluster inside it
NGC 3372	Keyhole	the Keyhole lies inside the Carina Nebula
NGC 3372	Keyhole Nebula	the Keyhole lies inside the Carina Nebula
NGC 6302	Butterfly Nebula	NGC 6302 is the Butterfly (Bug) Nebula in common use; SIMBAD also gives the name to M 2-9
Sh2-261	Lower's Nebula	Sh2-261 is Lower's Nebula; LBN 864 is part of it
IC 443	Gem A	IC 443 is the Gem A remnant; G189.1+03.0 is the same remnant in Green's catalogue
IC 443	Jellyfish Nebula	IC 443 is the Jellyfish Nebula; G189.1+03.0 is the same remnant in Green's catalogue
